<?xml version="1.0" encoding="UTF-8"?>
<rss version="2.0" xmlns:ror="http://rorweb.com/0.1/" >
<channel>
  <title>ROR Sitemap for http://astrorightway.com/</title>
  <link>http://astrorightway.com/</link>

<item>
     <link>http://astrorightway.com/</link>
     <title>Astrorightway -  Astrology &amp;amp; Vastu Products Store </title>
     <description> Get wide range of astrology &amp;amp; vastu products like ruby and rudraksh at low price. Browse our astrology store for more items. </description>
     <ror:updatePeriod></ror:updatePeriod>
     <ror:sortOrder>0</ror:sortOrder>
     <ror:resourceOf>sitemap</ror:resourceOf>
</item>
<item>
     <link>http://astrorightway.com/product</link>
     <title>Astrorightway -  Products | All Astrology Product </title>
     <description> Get wide range of astrology &amp;amp; vastu products like ruby and rudraksh at low price. Browse our astrology store for more items. </description>
     <ror:updatePeriod></ror:updatePeriod>
     <ror:sortOrder>1</ror:sortOrder>
     <ror:resourceOf>sitemap</ror:resourceOf>
</item>
<item>
     <link>http://astrorightway.com/gallery</link>
     <title>Astrorightway -  Gallery | All Function Image Here </title>
     <description> Get wide range of astrology &amp;amp; vastu products like ruby and rudraksh at low price. Browse our astrology store for more items. </description>
     <ror:updatePeriod></ror:updatePeriod>
     <ror:sortOrder>1</ror:sortOrder>
     <ror:resourceOf>sitemap</ror:resourceOf>
</item>
<item>
     <link>http://astrorightway.com/youtube-videos</link>
     <title>Astrorightway -  Videos | YouTube All Video </title>
     <description> Get wide range of astrology &amp;amp; vastu products like ruby and rudraksh at low price. Browse our astrology store for more items. </description>
     <ror:updatePeriod></ror:updatePeriod>
     <ror:sortOrder>1</ror:sortOrder>
     <ror:resourceOf>sitemap</ror:resourceOf>
</item>
<item>
     <link>http://astrorightway.com/login</link>
     <title>Astrorightway -  User Login Here </title>
     <description> Get wide range of astrology &amp;amp; vastu products like ruby and rudraksh at low price. Browse our astrology store for more items. </description>
     <ror:updatePeriod></ror:updatePeriod>
     <ror:sortOrder>1</ror:sortOrder>
     <ror:resourceOf>sitemap</ror:resourceOf>
</item>
<item>
     <link>http://astrorightway.com/about-us</link>
     <title>Astrorightway -  About Us | Our Services Help of People </title>
     <description> Get wide range of astrology &amp;amp; vastu products like ruby and rudraksh at low price. Browse our astrology store for more items. </description>
     <ror:updatePeriod></ror:updatePeriod>
     <ror:sortOrder>1</ror:sortOrder>
     <ror:resourceOf>sitemap</ror:resourceOf>
</item>
<item>
     <link>http://astrorightway.com/contact-us</link>
     <title>Astrorightway -  CONTACT US | Get In Touch </title>
     <description> Get wide range of astrology &amp;amp; vastu products like ruby and rudraksh at low price. Browse our astrology store for more items. </description>
     <ror:updatePeriod></ror:updatePeriod>
     <ror:sortOrder>1</ror:sortOrder>
     <ror:resourceOf>sitemap</ror:resourceOf>
</item>
<item>
     <link>http://astrorightway.com/register</link>
     <title>Astrorightway - </title>
     <description>Astrorightway - </description>
     <ror:updatePeriod></ror:updatePeriod>
     <ror:sortOrder>1</ror:sortOrder>
     <ror:resourceOf>sitemap</ror:resourceOf>
</item>
<item>
     <link>http://astrorightway.com/product-details/7</link>
     <title>Astrorightway -  Product Details </title>
     <description> Get wide range of astrology &amp;amp; vastu products like ruby and rudraksh at low price. Browse our astrology store for more items. </description>
     <ror:updatePeriod></ror:updatePeriod>
     <ror:sortOrder>1</ror:sortOrder>
     <ror:resourceOf>sitemap</ror:resourceOf>
</item>
<item>
     <link>http://astrorightway.com/product-details/6</link>
     <title>Astrorightway -  Product Details </title>
     <description> Get wide range of astrology &amp;amp; vastu products like ruby and rudraksh at low price. Browse our astrology store for more items. </description>
     <ror:updatePeriod></ror:updatePeriod>
     <ror:sortOrder>1</ror:sortOrder>
     <ror:resourceOf>sitemap</ror:resourceOf>
</item>
<item>
     <link>http://astrorightway.com/product-details/5</link>
     <title>Astrorightway -  Product Details </title>
     <description> Get wide range of astrology &amp;amp; vastu products like ruby and rudraksh at low price. Browse our astrology store for more items. </description>
     <ror:updatePeriod></ror:updatePeriod>
     <ror:sortOrder>1</ror:sortOrder>
     <ror:resourceOf>sitemap</ror:resourceOf>
</item>
<item>
     <link>http://astrorightway.com/product-details/4</link>
     <title>Astrorightway -  Product Details </title>
     <description> Get wide range of astrology &amp;amp; vastu products like ruby and rudraksh at low price. Browse our astrology store for more items. </description>
     <ror:updatePeriod></ror:updatePeriod>
     <ror:sortOrder>1</ror:sortOrder>
     <ror:resourceOf>sitemap</ror:resourceOf>
</item>
<item>
     <link>http://astrorightway.com/term-of-services</link>
     <title>Astrorightway -  AstroRightWay Term Of Services </title>
     <description> Get wide range of astrology &amp;amp; vastu products like ruby and rudraksh at low price. Browse our astrology store for more items. </description>
     <ror:updatePeriod></ror:updatePeriod>
     <ror:sortOrder>1</ror:sortOrder>
     <ror:resourceOf>sitemap</ror:resourceOf>
</item>
<item>
     <link>http://astrorightway.com/privacy-policy</link>
     <title>Astrorightway -  Privacy Policy | AstroRightWay </title>
     <description> Get wide range of astrology &amp;amp; vastu products like ruby and rudraksh at low price. Browse our astrology store for more items. </description>
     <ror:updatePeriod></ror:updatePeriod>
     <ror:sortOrder>1</ror:sortOrder>
     <ror:resourceOf>sitemap</ror:resourceOf>
</item>
<item>
     <link>http://astrorightway.com/password/reset</link>
     <title>Astrorightway - </title>
     <description>Astrorightway - </description>
     <ror:updatePeriod></ror:updatePeriod>
     <ror:sortOrder>2</ror:sortOrder>
     <ror:resourceOf>sitemap</ror:resourceOf>
</item>
</channel>
</rss>
  